<?xml version="1.0" encoding="utf-8"?>
<LevelData xmlns:xsi="http://www.w3.org/2001/XMLSchema-instance" xmlns:xsd="http://www.w3.org/2001/XMLSchema">
  <m_clips>
    <Rectangle>
      <X>-1664</X>
      <Y>384</Y>
      <Width>2048</Width>
      <Height>128</Height>
      <Location>
        <X>-1664</X>
        <Y>384</Y>
      </Location>
    </Rectangle>
    <Rectangle>
      <X>128</X>
      <Y>256</Y>
      <Width>128</Width>
      <Height>128</Height>
      <Location>
        <X>128</X>
        <Y>256</Y>
      </Location>
    </Rectangle>
    <Rectangle>
      <X>512</X>
      <Y>-768</Y>
      <Width>256</Width>
      <Height>1274</Height>
      <Location>
        <X>512</X>
        <Y>-768</Y>
      </Location>
    </Rectangle>
    <Rectangle>
      <X>0</X>
      <Y>-1280</Y>
      <Width>256</Width>
      <Height>1280</Height>
      <Location>
        <X>0</X>
        <Y>-1280</Y>
      </Location>
    </Rectangle>
    <Rectangle>
      <X>512</X>
      <Y>-2176</Y>
      <Width>256</Width>
      <Height>1152</Height>
      <Location>
        <X>512</X>
        <Y>-2176</Y>
      </Location>
    </Rectangle>
    <Rectangle>
      <X>0</X>
      <Y>-2816</Y>
      <Width>256</Width>
      <Height>1280</Height>
      <Location>
        <X>0</X>
        <Y>-2816</Y>
      </Location>
    </Rectangle>
    <Rectangle>
      <X>512</X>
      <Y>-3584</Y>
      <Width>256</Width>
      <Height>1152</Height>
      <Location>
        <X>512</X>
        <Y>-3584</Y>
      </Location>
    </Rectangle>
    <Rectangle>
      <X>0</X>
      <Y>-4352</Y>
      <Width>256</Width>
      <Height>1280</Height>
      <Location>
        <X>0</X>
        <Y>-4352</Y>
      </Location>
    </Rectangle>
    <Rectangle>
      <X>512</X>
      <Y>-5120</Y>
      <Width>256</Width>
      <Height>1280</Height>
      <Location>
        <X>512</X>
        <Y>-5120</Y>
      </Location>
    </Rectangle>
    <Rectangle>
      <X>-1920</X>
      <Y>-5248</Y>
      <Width>384</Width>
      <Height>384</Height>
      <Location>
        <X>-1920</X>
        <Y>-5248</Y>
      </Location>
    </Rectangle>
    <Rectangle>
      <X>0</X>
      <Y>-5888</Y>
      <Width>128</Width>
      <Height>1152</Height>
      <Location>
        <X>0</X>
        <Y>-5888</Y>
      </Location>
    </Rectangle>
    <Rectangle>
      <X>512</X>
      <Y>-6656</Y>
      <Width>128</Width>
      <Height>1280</Height>
      <Location>
        <X>512</X>
        <Y>-6656</Y>
      </Location>
    </Rectangle>
    <Rectangle>
      <X>0</X>
      <Y>-7296</Y>
      <Width>128</Width>
      <Height>1152</Height>
      <Location>
        <X>0</X>
        <Y>-7296</Y>
      </Location>
    </Rectangle>
    <Rectangle>
      <X>512</X>
      <Y>-8192</Y>
      <Width>128</Width>
      <Height>1280</Height>
      <Location>
        <X>512</X>
        <Y>-8192</Y>
      </Location>
    </Rectangle>
    <Rectangle>
      <X>0</X>
      <Y>-9088</Y>
      <Width>128</Width>
      <Height>1536</Height>
      <Location>
        <X>0</X>
        <Y>-9088</Y>
      </Location>
    </Rectangle>
    <Rectangle>
      <X>512</X>
      <Y>-9856</Y>
      <Width>128</Width>
      <Height>1408</Height>
      <Location>
        <X>512</X>
        <Y>-9856</Y>
      </Location>
    </Rectangle>
    <Rectangle>
      <X>0</X>
      <Y>-11136</Y>
      <Width>128</Width>
      <Height>1792</Height>
      <Location>
        <X>0</X>
        <Y>-11136</Y>
      </Location>
    </Rectangle>
    <Rectangle>
      <X>512</X>
      <Y>-11520</Y>
      <Width>128</Width>
      <Height>1408</Height>
      <Location>
        <X>512</X>
        <Y>-11520</Y>
      </Location>
    </Rectangle>
    <Rectangle>
      <X>-2048</X>
      <Y>-11136</Y>
      <Width>2048</Width>
      <Height>256</Height>
      <Location>
        <X>-2048</X>
        <Y>-11136</Y>
      </Location>
    </Rectangle>
    <Rectangle>
      <X>384</X>
      <Y>384</Y>
      <Width>128</Width>
      <Height>128</Height>
      <Location>
        <X>384</X>
        <Y>384</Y>
      </Location>
    </Rectangle>
    <Rectangle>
      <X>-2816</X>
      <Y>-11136</Y>
      <Width>128</Width>
      <Height>1792</Height>
      <Location>
        <X>-2816</X>
        <Y>-11136</Y>
      </Location>
    </Rectangle>
    <Rectangle>
      <X>-2174</X>
      <Y>-11136</Y>
      <Width>128</Width>
      <Height>1792</Height>
      <Location>
        <X>-2174</X>
        <Y>-11136</Y>
      </Location>
    </Rectangle>
    <Rectangle>
      <X>-128</X>
      <Y>-5887</Y>
      <Width>128</Width>
      <Height>128</Height>
      <Location>
        <X>-128</X>
        <Y>-5887</Y>
      </Location>
    </Rectangle>
  </m_clips>
  <m_tiles>
    <TileData>
      <textureName>lavatop</textureName>
      <depth>0.5</depth>
      <position>
        <X>-2176</X>
        <Y>512</Y>
      </position>
      <dimensions>
        <X>3968</X>
        <Y>128</Y>
      </dimensions>
    </TileData>
    <TileData>
      <textureName>brickwall</textureName>
      <depth>0.5</depth>
      <position>
        <X>0</X>
        <Y>-1280</Y>
      </position>
      <dimensions>
        <X>256</X>
        <Y>1280</Y>
      </dimensions>
    </TileData>
    <TileData>
      <textureName>brickwall</textureName>
      <depth>0.5</depth>
      <position>
        <X>512</X>
        <Y>-768</Y>
      </position>
      <dimensions>
        <X>256</X>
        <Y>1280</Y>
      </dimensions>
    </TileData>
    <TileData>
      <textureName>brickwall</textureName>
      <depth>0.5</depth>
      <position>
        <X>512</X>
        <Y>-2176</Y>
      </position>
      <dimensions>
        <X>256</X>
        <Y>1152</Y>
      </dimensions>
    </TileData>
    <TileData>
      <textureName>brickwall</textureName>
      <depth>0.5</depth>
      <position>
        <X>0</X>
        <Y>-2816</Y>
      </position>
      <dimensions>
        <X>256</X>
        <Y>1280</Y>
      </dimensions>
    </TileData>
    <TileData>
      <textureName>brickwall</textureName>
      <depth>0.5</depth>
      <position>
        <X>512</X>
        <Y>-3584</Y>
      </position>
      <dimensions>
        <X>256</X>
        <Y>1152</Y>
      </dimensions>
    </TileData>
    <TileData>
      <textureName>brickwall</textureName>
      <depth>0.5</depth>
      <position>
        <X>0</X>
        <Y>-4352</Y>
      </position>
      <dimensions>
        <X>256</X>
        <Y>1280</Y>
      </dimensions>
    </TileData>
    <TileData>
      <textureName>brickwall</textureName>
      <depth>0.5</depth>
      <position>
        <X>512</X>
        <Y>-5120</Y>
      </position>
      <dimensions>
        <X>256</X>
        <Y>1280</Y>
      </dimensions>
    </TileData>
    <TileData>
      <textureName>brickwall</textureName>
      <depth>0.5</depth>
      <position>
        <X>0</X>
        <Y>-5888</Y>
      </position>
      <dimensions>
        <X>128</X>
        <Y>1152</Y>
      </dimensions>
    </TileData>
    <TileData>
      <textureName>brickwall</textureName>
      <depth>0.5</depth>
      <position>
        <X>512</X>
        <Y>-6656</Y>
      </position>
      <dimensions>
        <X>128</X>
        <Y>1280</Y>
      </dimensions>
    </TileData>
    <TileData>
      <textureName>brickwall</textureName>
      <depth>0.5</depth>
      <position>
        <X>0</X>
        <Y>-7296</Y>
      </position>
      <dimensions>
        <X>128</X>
        <Y>1152</Y>
      </dimensions>
    </TileData>
    <TileData>
      <textureName>brickwall</textureName>
      <depth>0.5</depth>
      <position>
        <X>512</X>
        <Y>-8192</Y>
      </position>
      <dimensions>
        <X>128</X>
        <Y>1280</Y>
      </dimensions>
    </TileData>
    <TileData>
      <textureName>brickwall</textureName>
      <depth>0.5</depth>
      <position>
        <X>0</X>
        <Y>-9088</Y>
      </position>
      <dimensions>
        <X>128</X>
        <Y>1536</Y>
      </dimensions>
    </TileData>
    <TileData>
      <textureName>brickwall</textureName>
      <depth>0.5</depth>
      <position>
        <X>512</X>
        <Y>-9856</Y>
      </position>
      <dimensions>
        <X>128</X>
        <Y>1408</Y>
      </dimensions>
    </TileData>
    <TileData>
      <textureName>brickwall</textureName>
      <depth>0.5</depth>
      <position>
        <X>0</X>
        <Y>-11136</Y>
      </position>
      <dimensions>
        <X>128</X>
        <Y>1792</Y>
      </dimensions>
    </TileData>
    <TileData>
      <textureName>brickwall</textureName>
      <depth>0.5</depth>
      <position>
        <X>-2048</X>
        <Y>-11136</Y>
      </position>
      <dimensions>
        <X>2048</X>
        <Y>256</Y>
      </dimensions>
    </TileData>
    <TileData>
      <textureName>brickwall</textureName>
      <depth>0.5</depth>
      <position>
        <X>512</X>
        <Y>-11520</Y>
      </position>
      <dimensions>
        <X>128</X>
        <Y>1408</Y>
      </dimensions>
    </TileData>
    <TileData>
      <textureName>brickwall</textureName>
      <depth>0.5</depth>
      <position>
        <X>-1664</X>
        <Y>384</Y>
      </position>
      <dimensions>
        <X>2176</X>
        <Y>128</Y>
      </dimensions>
    </TileData>
    <TileData>
      <textureName>brickwall</textureName>
      <depth>0.5</depth>
      <position>
        <X>128</X>
        <Y>256</Y>
      </position>
      <dimensions>
        <X>128</X>
        <Y>128</Y>
      </dimensions>
    </TileData>
    <TileData>
      <textureName>brickwall</textureName>
      <depth>0.5</depth>
      <position>
        <X>-2816</X>
        <Y>-11136</Y>
      </position>
      <dimensions>
        <X>128</X>
        <Y>2560</Y>
      </dimensions>
    </TileData>
    <TileData>
      <textureName>brickwall</textureName>
      <depth>0.5</depth>
      <position>
        <X>-2174</X>
        <Y>-11136</Y>
      </position>
      <dimensions>
        <X>128</X>
        <Y>2432</Y>
      </dimensions>
    </TileData>
    <TileData>
      <textureName>brickwall</textureName>
      <depth>0.5</depth>
      <position>
        <X>-128</X>
        <Y>-5888</Y>
      </position>
      <dimensions>
        <X>128</X>
        <Y>128</Y>
      </dimensions>
    </TileData>
    <TileData>
      <textureName>arrowup</textureName>
      <depth>0.5</depth>
      <position>
        <X>256</X>
        <Y>0</Y>
      </position>
      <dimensions>
        <X>256</X>
        <Y>256</Y>
      </dimensions>
    </TileData>
    <TileData>
      <textureName>arrowdown</textureName>
      <depth>0.5</depth>
      <position>
        <X>-2560</X>
        <Y>-11392</Y>
      </position>
      <dimensions>
        <X>256</X>
        <Y>256</Y>
      </dimensions>
    </TileData>
  </m_tiles>
  <m_triggers>
    <TriggerData>
      <lines>
        <string>goal</string>
      </lines>
      <rectangle>
        <X>-2048</X>
        <Y>-5632</Y>
        <Width>512</Width>
        <Height>512</Height>
        <Location>
          <X>-2048</X>
          <Y>-5632</Y>
        </Location>
      </rectangle>
    </TriggerData>
    <TriggerData>
      <lines>
        <string>death</string>
      </lines>
      <rectangle>
        <X>-2048</X>
        <Y>512</Y>
        <Width>3584</Width>
        <Height>768</Height>
        <Location>
          <X>-2048</X>
          <Y>512</Y>
        </Location>
      </rectangle>
    </TriggerData>
    <TriggerData>
      <lines>
        <string>goal</string>
      </lines>
      <rectangle>
        <X>-2816</X>
        <Y>-9312</Y>
        <Width>768</Width>
        <Height>384</Height>
        <Location>
          <X>-2816</X>
          <Y>-9312</Y>
        </Location>
      </rectangle>
    </TriggerData>
    <TriggerData>
      <lines>
        <string>money</string>
      </lines>
      <rectangle>
        <X>-829</X>
        <Y>0</Y>
        <Width>128</Width>
        <Height>128</Height>
        <Location>
          <X>-829</X>
          <Y>0</Y>
        </Location>
      </rectangle>
    </TriggerData>
  </m_triggers>
  <m_enemies>
    <EnemyData>
      <textureName />
      <position>
        <X>-1304.28125</X>
        <Y>146.910812</Y>
      </position>
    </EnemyData>
    <EnemyData>
      <textureName />
      <position>
        <X>585.8013</X>
        <Y>-977.4513</Y>
      </position>
    </EnemyData>
    <EnemyData>
      <textureName />
      <position>
        <X>90.38077</X>
        <Y>-1466.17688</Y>
      </position>
    </EnemyData>
    <EnemyData>
      <textureName />
      <position>
        <X>609.2333</X>
        <Y>-2359.94214</Y>
      </position>
    </EnemyData>
    <EnemyData>
      <textureName />
      <position>
        <X>107.117935</X>
        <Y>-2975.87036</Y>
      </position>
    </EnemyData>
    <EnemyData>
      <textureName />
      <position>
        <X>629.317932</X>
        <Y>-3762.51782</Y>
      </position>
    </EnemyData>
    <EnemyData>
      <textureName />
      <position>
        <X>90.38077</X>
        <Y>-4572.597</Y>
      </position>
    </EnemyData>
    <EnemyData>
      <textureName />
      <position>
        <X>-97.07564</X>
        <Y>-5265.5166</Y>
      </position>
    </EnemyData>
    <EnemyData>
      <textureName />
      <position>
        <X>-572.4115</X>
        <Y>-5225.347</Y>
      </position>
    </EnemyData>
    <EnemyData>
      <textureName />
      <position>
        <X>-1087.91663</X>
        <Y>-5235.38965</Y>
      </position>
    </EnemyData>
    <EnemyData>
      <textureName />
      <position>
        <X>-135.541382</X>
        <Y>-11577.001</Y>
      </position>
    </EnemyData>
    <EnemyData>
      <textureName />
      <position>
        <X>-536.2724</X>
        <Y>-11562.2686</Y>
      </position>
    </EnemyData>
    <EnemyData>
      <textureName />
      <position>
        <X>-1099.06372</X>
        <Y>-11630.0391</Y>
      </position>
    </EnemyData>
    <EnemyData>
      <textureName />
      <position>
        <X>-1614.71033</X>
        <Y>-11600.5732</Y>
      </position>
    </EnemyData>
    <EnemyData>
      <textureName />
      <position>
        <X>-1983.0293</X>
        <Y>-11603.5215</Y>
      </position>
    </EnemyData>
    <EnemyData>
      <textureName />
      <position>
        <X>-37.1505737</X>
        <Y>-6033.254</Y>
      </position>
    </EnemyData>
    <EnemyData>
      <textureName />
      <position>
        <X>579.5491</X>
        <Y>-5305.10254</Y>
      </position>
    </EnemyData>
  </m_enemies>
</LevelData>