<?xml version="1.0" encoding="utf-8"?>
<LevelData xmlns:xsi="http://www.w3.org/2001/XMLSchema-instance" xmlns:xsd="http://www.w3.org/2001/XMLSchema">
  <m_clips>
    <Rectangle>
      <X>-256</X>
      <Y>640</Y>
      <Width>2048</Width>
      <Height>128</Height>
      <Location>
        <X>-256</X>
        <Y>640</Y>
      </Location>
    </Rectangle>
    <Rectangle>
      <X>1664</X>
      <Y>768</Y>
      <Width>128</Width>
      <Height>384</Height>
      <Location>
        <X>1664</X>
        <Y>768</Y>
      </Location>
    </Rectangle>
    <Rectangle>
      <X>1792</X>
      <Y>1024</Y>
      <Width>256</Width>
      <Height>128</Height>
      <Location>
        <X>1792</X>
        <Y>1024</Y>
      </Location>
    </Rectangle>
    <Rectangle>
      <X>2176</X>
      <Y>640</Y>
      <Width>2560</Width>
      <Height>128</Height>
      <Location>
        <X>2176</X>
        <Y>640</Y>
      </Location>
    </Rectangle>
    <Rectangle>
      <X>2048</X>
      <Y>640</Y>
      <Width>128</Width>
      <Height>512</Height>
      <Location>
        <X>2048</X>
        <Y>640</Y>
      </Location>
    </Rectangle>
    <Rectangle>
      <X>1024</X>
      <Y>-896</Y>
      <Width>384</Width>
      <Height>128</Height>
      <Location>
        <X>1024</X>
        <Y>-896</Y>
      </Location>
    </Rectangle>
    <Rectangle>
      <X>-256</X>
      <Y>0</Y>
      <Width>128</Width>
      <Height>640</Height>
      <Location>
        <X>-256</X>
        <Y>0</Y>
      </Location>
    </Rectangle>
    <Rectangle>
      <X>4736</X>
      <Y>0</Y>
      <Width>128</Width>
      <Height>768</Height>
      <Location>
        <X>4736</X>
        <Y>0</Y>
      </Location>
    </Rectangle>
    <Rectangle>
      <X>2944</X>
      <Y>0</Y>
      <Width>256</Width>
      <Height>384</Height>
      <Location>
        <X>2944</X>
        <Y>0</Y>
      </Location>
    </Rectangle>
    <Rectangle>
      <X>3200</X>
      <Y>128</Y>
      <Width>128</Width>
      <Height>256</Height>
      <Location>
        <X>3200</X>
        <Y>128</Y>
      </Location>
    </Rectangle>
    <Rectangle>
      <X>3328</X>
      <Y>256</Y>
      <Width>1152</Width>
      <Height>128</Height>
      <Location>
        <X>3328</X>
        <Y>256</Y>
      </Location>
    </Rectangle>
    <Rectangle>
      <X>-1408</X>
      <Y>-256</Y>
      <Width>128</Width>
      <Height>1024</Height>
      <Location>
        <X>-1408</X>
        <Y>-256</Y>
      </Location>
    </Rectangle>
    <Rectangle>
      <X>-1280</X>
      <Y>-256</Y>
      <Width>1792</Width>
      <Height>128</Height>
      <Location>
        <X>-1280</X>
        <Y>-256</Y>
      </Location>
    </Rectangle>
    <Rectangle>
      <X>384</X>
      <Y>-128</Y>
      <Width>2688</Width>
      <Height>128</Height>
      <Location>
        <X>384</X>
        <Y>-128</Y>
      </Location>
    </Rectangle>
  </m_clips>
  <m_tiles>
    <TileData>
      <textureName>ADkeys</textureName>
      <depth>0.5</depth>
      <position>
        <X>256</X>
        <Y>128</Y>
      </position>
      <dimensions>
        <X>384</X>
        <Y>256</Y>
      </dimensions>
    </TileData>
    <TileData>
      <textureName>arrowleft</textureName>
      <depth>0.5</depth>
      <position>
        <X>148</X>
        <Y>60</Y>
      </position>
      <dimensions>
        <X>256</X>
        <Y>256</Y>
      </dimensions>
    </TileData>
    <TileData>
      <textureName>arrowright</textureName>
      <depth>0.5</depth>
      <position>
        <X>492</X>
        <Y>60</Y>
      </position>
      <dimensions>
        <X>256</X>
        <Y>256</Y>
      </dimensions>
    </TileData>
    <TileData>
      <textureName>spacekey</textureName>
      <depth>0.5</depth>
      <position>
        <X>1408</X>
        <Y>256</Y>
      </position>
      <dimensions>
        <X>384</X>
        <Y>128</Y>
      </dimensions>
    </TileData>
    <TileData>
      <textureName>arrowright</textureName>
      <depth>0.5</depth>
      <position>
        <X>1536</X>
        <Y>384</Y>
      </position>
      <dimensions>
        <X>256</X>
        <Y>256</Y>
      </dimensions>
    </TileData>
    <TileData>
      <textureName>arrowleft</textureName>
      <depth>0.5</depth>
      <position>
        <X>4432</X>
        <Y>0</Y>
      </position>
      <dimensions>
        <X>256</X>
        <Y>256</Y>
      </dimensions>
    </TileData>
    <TileData>
      <textureName>arrowleft</textureName>
      <depth>0.5</depth>
      <position>
        <X>1408</X>
        <Y>-1152</Y>
      </position>
      <dimensions>
        <X>256</X>
        <Y>256</Y>
      </dimensions>
    </TileData>
    <TileData>
      <textureName>mouse1</textureName>
      <depth>0.5</depth>
      <position>
        <X>1664</X>
        <Y>-1024</Y>
      </position>
      <dimensions>
        <X>256</X>
        <Y>256</Y>
      </dimensions>
    </TileData>
    <TileData>
      <textureName>arrowleft</textureName>
      <depth>0.5</depth>
      <position>
        <X>256</X>
        <Y>-512</Y>
      </position>
      <dimensions>
        <X>256</X>
        <Y>256</Y>
      </dimensions>
    </TileData>
    <TileData>
      <textureName>mouse2</textureName>
      <depth>0.5</depth>
      <position>
        <X>512</X>
        <Y>-512</Y>
      </position>
      <dimensions>
        <X>256</X>
        <Y>256</Y>
      </dimensions>
    </TileData>
    <TileData>
      <textureName>brickwall</textureName>
      <depth>0.5</depth>
      <position>
        <X>-1408</X>
        <Y>-256</Y>
      </position>
      <dimensions>
        <X>128</X>
        <Y>1024</Y>
      </dimensions>
    </TileData>
    <TileData>
      <textureName>brickwall</textureName>
      <depth>0.5</depth>
      <position>
        <X>-256</X>
        <Y>0</Y>
      </position>
      <dimensions>
        <X>128</X>
        <Y>640</Y>
      </dimensions>
    </TileData>
    <TileData>
      <textureName>brickwall</textureName>
      <depth>0.5</depth>
      <position>
        <X>-256</X>
        <Y>640</Y>
      </position>
      <dimensions>
        <X>1920</X>
        <Y>128</Y>
      </dimensions>
    </TileData>
    <TileData>
      <textureName>brickwall</textureName>
      <depth>0.5</depth>
      <position>
        <X>1664</X>
        <Y>640</Y>
      </position>
      <dimensions>
        <X>128</X>
        <Y>384</Y>
      </dimensions>
    </TileData>
    <TileData>
      <textureName>brickwall</textureName>
      <depth>0.5</depth>
      <position>
        <X>1664</X>
        <Y>1024</Y>
      </position>
      <dimensions>
        <X>512</X>
        <Y>128</Y>
      </dimensions>
    </TileData>
    <TileData>
      <textureName>brickwall</textureName>
      <depth>0.5</depth>
      <position>
        <X>2048</X>
        <Y>640</Y>
      </position>
      <dimensions>
        <X>2688</X>
        <Y>128</Y>
      </dimensions>
    </TileData>
    <TileData>
      <textureName>brickwall</textureName>
      <depth>0.5</depth>
      <position>
        <X>2944</X>
        <Y>256</Y>
      </position>
      <dimensions>
        <X>1536</X>
        <Y>128</Y>
      </dimensions>
    </TileData>
    <TileData>
      <textureName>brickwall</textureName>
      <depth>0.5</depth>
      <position>
        <X>2944</X>
        <Y>128</Y>
      </position>
      <dimensions>
        <X>384</X>
        <Y>128</Y>
      </dimensions>
    </TileData>
    <TileData>
      <textureName>brickwall</textureName>
      <depth>0.5</depth>
      <position>
        <X>2944</X>
        <Y>0</Y>
      </position>
      <dimensions>
        <X>256</X>
        <Y>128</Y>
      </dimensions>
    </TileData>
    <TileData>
      <textureName>brickwall</textureName>
      <depth>0.5</depth>
      <position>
        <X>4736</X>
        <Y>0</Y>
      </position>
      <dimensions>
        <X>128</X>
        <Y>768</Y>
      </dimensions>
    </TileData>
    <TileData>
      <textureName>brickwall</textureName>
      <depth>0.5</depth>
      <position>
        <X>384</X>
        <Y>-128</Y>
      </position>
      <dimensions>
        <X>2688</X>
        <Y>128</Y>
      </dimensions>
    </TileData>
    <TileData>
      <textureName>arrowup</textureName>
      <depth>0.5</depth>
      <position>
        <X>4480</X>
        <Y>256</Y>
      </position>
      <dimensions>
        <X>256</X>
        <Y>256</Y>
      </dimensions>
    </TileData>
    <TileData>
      <textureName>spacekey</textureName>
      <depth>0.5</depth>
      <position>
        <X>4352</X>
        <Y>-128</Y>
      </position>
      <dimensions>
        <X>384</X>
        <Y>128</Y>
      </dimensions>
    </TileData>
    <TileData>
      <textureName>brickwall</textureName>
      <depth>0.5</depth>
      <position>
        <X>2048</X>
        <Y>768</Y>
      </position>
      <dimensions>
        <X>128</X>
        <Y>256</Y>
      </dimensions>
    </TileData>
    <TileData>
      <textureName>brickwall</textureName>
      <depth>0.5</depth>
      <position>
        <X>-1280</X>
        <Y>-256</Y>
      </position>
      <dimensions>
        <X>1792</X>
        <Y>128</Y>
      </dimensions>
    </TileData>
    <TileData>
      <textureName>brickwall</textureName>
      <depth>0.5</depth>
      <position>
        <X>1024</X>
        <Y>-896</Y>
      </position>
      <dimensions>
        <X>384</X>
        <Y>128</Y>
      </dimensions>
    </TileData>
    <TileData>
      <textureName>arrowdown</textureName>
      <depth>0.5</depth>
      <position>
        <X>-1792</X>
        <Y>-640</Y>
      </position>
      <dimensions>
        <X>256</X>
        <Y>256</Y>
      </dimensions>
    </TileData>
    <TileData>
      <textureName>spacekey</textureName>
      <depth>0.5</depth>
      <position>
        <X>4352</X>
        <Y>512</Y>
      </position>
      <dimensions>
        <X>384</X>
        <Y>128</Y>
      </dimensions>
    </TileData>
  </m_tiles>
  <m_triggers>
    <TriggerData>
      <lines>
        <string>goal</string>
      </lines>
      <rectangle>
        <X>-3200</X>
        <Y>768</Y>
        <Width>1920</Width>
        <Height>384</Height>
        <Location>
          <X>-3200</X>
          <Y>768</Y>
        </Location>
      </rectangle>
    </TriggerData>
  </m_triggers>
  <m_enemies>
    <EnemyData>
      <textureName />
      <position>
        <X>1164.53638</X>
        <Y>-1098.8446</Y>
      </position>
    </EnemyData>
    <EnemyData>
      <textureName />
      <position>
        <X>-41.80387</X>
        <Y>-504.632416</Y>
      </position>
    </EnemyData>
    <EnemyData>
      <textureName />
      <position>
        <X>-973.433</X>
        <Y>-653.932</Y>
      </position>
    </EnemyData>
  </m_enemies>
</LevelData>