<?xml version="1.0" encoding="utf-8"?>
<LevelData xmlns:xsi="http://www.w3.org/2001/XMLSchema-instance" xmlns:xsd="http://www.w3.org/2001/XMLSchema">
  <m_clips>
    <Rectangle>
      <X>-384</X>
      <Y>1408</Y>
      <Width>9728</Width>
      <Height>128</Height>
      <Location>
        <X>-384</X>
        <Y>1408</Y>
      </Location>
    </Rectangle>
    <Rectangle>
      <X>6656</X>
      <Y>1920</Y>
      <Width>2688</Width>
      <Height>128</Height>
      <Location>
        <X>6656</X>
        <Y>1920</Y>
      </Location>
    </Rectangle>
    <Rectangle>
      <X>3840</X>
      <Y>1920</Y>
      <Width>2560</Width>
      <Height>128</Height>
      <Location>
        <X>3840</X>
        <Y>1920</Y>
      </Location>
    </Rectangle>
    <Rectangle>
      <X>1024</X>
      <Y>1920</Y>
      <Width>2560</Width>
      <Height>128</Height>
      <Location>
        <X>1024</X>
        <Y>1920</Y>
      </Location>
    </Rectangle>
    <Rectangle>
      <X>5120</X>
      <Y>1792</Y>
      <Width>128</Width>
      <Height>128</Height>
      <Location>
        <X>5120</X>
        <Y>1792</Y>
      </Location>
    </Rectangle>
    <Rectangle>
      <X>2176</X>
      <Y>1792</Y>
      <Width>128</Width>
      <Height>128</Height>
      <Location>
        <X>2176</X>
        <Y>1792</Y>
      </Location>
    </Rectangle>
    <Rectangle>
      <X>8192</X>
      <Y>1792</Y>
      <Width>128</Width>
      <Height>128</Height>
      <Location>
        <X>8192</X>
        <Y>1792</Y>
      </Location>
    </Rectangle>
    <Rectangle>
      <X>1024</X>
      <Y>2560</Y>
      <Width>4864</Width>
      <Height>128</Height>
      <Location>
        <X>1024</X>
        <Y>2560</Y>
      </Location>
    </Rectangle>
    <Rectangle>
      <X>1536</X>
      <Y>2432</Y>
      <Width>128</Width>
      <Height>128</Height>
      <Location>
        <X>1536</X>
        <Y>2432</Y>
      </Location>
    </Rectangle>
    <Rectangle>
      <X>1792</X>
      <Y>2176</Y>
      <Width>128</Width>
      <Height>128</Height>
      <Location>
        <X>1792</X>
        <Y>2176</Y>
      </Location>
    </Rectangle>
    <Rectangle>
      <X>2048</X>
      <Y>2432</Y>
      <Width>128</Width>
      <Height>128</Height>
      <Location>
        <X>2048</X>
        <Y>2432</Y>
      </Location>
    </Rectangle>
    <Rectangle>
      <X>2304</X>
      <Y>2304</Y>
      <Width>128</Width>
      <Height>128</Height>
      <Location>
        <X>2304</X>
        <Y>2304</Y>
      </Location>
    </Rectangle>
    <Rectangle>
      <X>2432</X>
      <Y>2176</Y>
      <Width>128</Width>
      <Height>128</Height>
      <Location>
        <X>2432</X>
        <Y>2176</Y>
      </Location>
    </Rectangle>
    <Rectangle>
      <X>2560</X>
      <Y>2304</Y>
      <Width>128</Width>
      <Height>128</Height>
      <Location>
        <X>2560</X>
        <Y>2304</Y>
      </Location>
    </Rectangle>
    <Rectangle>
      <X>2944</X>
      <Y>2048</Y>
      <Width>128</Width>
      <Height>128</Height>
      <Location>
        <X>2944</X>
        <Y>2048</Y>
      </Location>
    </Rectangle>
    <Rectangle>
      <X>2816</X>
      <Y>2304</Y>
      <Width>128</Width>
      <Height>128</Height>
      <Location>
        <X>2816</X>
        <Y>2304</Y>
      </Location>
    </Rectangle>
    <Rectangle>
      <X>3200</X>
      <Y>2176</Y>
      <Width>128</Width>
      <Height>128</Height>
      <Location>
        <X>3200</X>
        <Y>2176</Y>
      </Location>
    </Rectangle>
    <Rectangle>
      <X>3200</X>
      <Y>2432</Y>
      <Width>128</Width>
      <Height>128</Height>
      <Location>
        <X>3200</X>
        <Y>2432</Y>
      </Location>
    </Rectangle>
    <Rectangle>
      <X>3712</X>
      <Y>2304</Y>
      <Width>128</Width>
      <Height>128</Height>
      <Location>
        <X>3712</X>
        <Y>2304</Y>
      </Location>
    </Rectangle>
    <Rectangle>
      <X>3712</X>
      <Y>2048</Y>
      <Width>128</Width>
      <Height>128</Height>
      <Location>
        <X>3712</X>
        <Y>2048</Y>
      </Location>
    </Rectangle>
    <Rectangle>
      <X>3584</X>
      <Y>2048</Y>
      <Width>128</Width>
      <Height>128</Height>
      <Location>
        <X>3584</X>
        <Y>2048</Y>
      </Location>
    </Rectangle>
    <Rectangle>
      <X>6400</X>
      <Y>2048</Y>
      <Width>128</Width>
      <Height>128</Height>
      <Location>
        <X>6400</X>
        <Y>2048</Y>
      </Location>
    </Rectangle>
    <Rectangle>
      <X>6528</X>
      <Y>2048</Y>
      <Width>128</Width>
      <Height>128</Height>
      <Location>
        <X>6528</X>
        <Y>2048</Y>
      </Location>
    </Rectangle>
    <Rectangle>
      <X>6144</X>
      <Y>2560</Y>
      <Width>2432</Width>
      <Height>128</Height>
      <Location>
        <X>6144</X>
        <Y>2560</Y>
      </Location>
    </Rectangle>
    <Rectangle>
      <X>8448</X>
      <Y>3072</Y>
      <Width>128</Width>
      <Height>128</Height>
      <Location>
        <X>8448</X>
        <Y>3072</Y>
      </Location>
    </Rectangle>
    <Rectangle>
      <X>7680</X>
      <Y>3072</Y>
      <Width>128</Width>
      <Height>128</Height>
      <Location>
        <X>7680</X>
        <Y>3072</Y>
      </Location>
    </Rectangle>
    <Rectangle>
      <X>6912</X>
      <Y>3072</Y>
      <Width>128</Width>
      <Height>128</Height>
      <Location>
        <X>6912</X>
        <Y>3072</Y>
      </Location>
    </Rectangle>
    <Rectangle>
      <X>6272</X>
      <Y>3072</Y>
      <Width>128</Width>
      <Height>128</Height>
      <Location>
        <X>6272</X>
        <Y>3072</Y>
      </Location>
    </Rectangle>
    <Rectangle>
      <X>5888</X>
      <Y>2688</Y>
      <Width>256</Width>
      <Height>128</Height>
      <Location>
        <X>5888</X>
        <Y>2688</Y>
      </Location>
    </Rectangle>
    <Rectangle>
      <X>5376</X>
      <Y>3072</Y>
      <Width>128</Width>
      <Height>128</Height>
      <Location>
        <X>5376</X>
        <Y>3072</Y>
      </Location>
    </Rectangle>
    <Rectangle>
      <X>5888</X>
      <Y>3072</Y>
      <Width>128</Width>
      <Height>128</Height>
      <Location>
        <X>5888</X>
        <Y>3072</Y>
      </Location>
    </Rectangle>
    <Rectangle>
      <X>4736</X>
      <Y>3072</Y>
      <Width>128</Width>
      <Height>128</Height>
      <Location>
        <X>4736</X>
        <Y>3072</Y>
      </Location>
    </Rectangle>
    <Rectangle>
      <X>3968</X>
      <Y>3072</Y>
      <Width>128</Width>
      <Height>128</Height>
      <Location>
        <X>3968</X>
        <Y>3072</Y>
      </Location>
    </Rectangle>
    <Rectangle>
      <X>3328</X>
      <Y>3072</Y>
      <Width>128</Width>
      <Height>128</Height>
      <Location>
        <X>3328</X>
        <Y>3072</Y>
      </Location>
    </Rectangle>
    <Rectangle>
      <X>2560</X>
      <Y>3072</Y>
      <Width>128</Width>
      <Height>128</Height>
      <Location>
        <X>2560</X>
        <Y>3072</Y>
      </Location>
    </Rectangle>
    <Rectangle>
      <X>1792</X>
      <Y>3072</Y>
      <Width>128</Width>
      <Height>128</Height>
      <Location>
        <X>1792</X>
        <Y>3072</Y>
      </Location>
    </Rectangle>
  </m_clips>
  <m_tiles>
    <TileData>
      <textureName>brickwall</textureName>
      <depth>0.5</depth>
      <position>
        <X>-384</X>
        <Y>1408</Y>
      </position>
      <dimensions>
        <X>9728</X>
        <Y>128</Y>
      </dimensions>
    </TileData>
    <TileData>
      <textureName>brickwall</textureName>
      <depth>0.5</depth>
      <position>
        <X>6656</X>
        <Y>1920</Y>
      </position>
      <dimensions>
        <X>2688</X>
        <Y>128</Y>
      </dimensions>
    </TileData>
    <TileData>
      <textureName>brickwall</textureName>
      <depth>0.5</depth>
      <position>
        <X>3840</X>
        <Y>1920</Y>
      </position>
      <dimensions>
        <X>2560</X>
        <Y>128</Y>
      </dimensions>
    </TileData>
    <TileData>
      <textureName>brickwall</textureName>
      <depth>0.5</depth>
      <position>
        <X>1024</X>
        <Y>1920</Y>
      </position>
      <dimensions>
        <X>2560</X>
        <Y>128</Y>
      </dimensions>
    </TileData>
    <TileData>
      <textureName>brickwall</textureName>
      <depth>0.5</depth>
      <position>
        <X>5120</X>
        <Y>1792</Y>
      </position>
      <dimensions>
        <X>128</X>
        <Y>128</Y>
      </dimensions>
    </TileData>
    <TileData>
      <textureName>brickwall</textureName>
      <depth>0.5</depth>
      <position>
        <X>2176</X>
        <Y>1792</Y>
      </position>
      <dimensions>
        <X>128</X>
        <Y>128</Y>
      </dimensions>
    </TileData>
    <TileData>
      <textureName>brickwall</textureName>
      <depth>0.5</depth>
      <position>
        <X>8192</X>
        <Y>1792</Y>
      </position>
      <dimensions>
        <X>128</X>
        <Y>128</Y>
      </dimensions>
    </TileData>
    <TileData>
      <textureName>brickwall</textureName>
      <depth>0.5</depth>
      <position>
        <X>1024</X>
        <Y>2560</Y>
      </position>
      <dimensions>
        <X>4864</X>
        <Y>128</Y>
      </dimensions>
    </TileData>
    <TileData>
      <textureName>brickwall</textureName>
      <depth>0.5</depth>
      <position>
        <X>1536</X>
        <Y>2432</Y>
      </position>
      <dimensions>
        <X>128</X>
        <Y>128</Y>
      </dimensions>
    </TileData>
    <TileData>
      <textureName>brickwall</textureName>
      <depth>0.5</depth>
      <position>
        <X>1792</X>
        <Y>2176</Y>
      </position>
      <dimensions>
        <X>128</X>
        <Y>128</Y>
      </dimensions>
    </TileData>
    <TileData>
      <textureName>brickwall</textureName>
      <depth>0.5</depth>
      <position>
        <X>2048</X>
        <Y>2432</Y>
      </position>
      <dimensions>
        <X>128</X>
        <Y>128</Y>
      </dimensions>
    </TileData>
    <TileData>
      <textureName>brickwall</textureName>
      <depth>0.5</depth>
      <position>
        <X>2304</X>
        <Y>2304</Y>
      </position>
      <dimensions>
        <X>128</X>
        <Y>128</Y>
      </dimensions>
    </TileData>
    <TileData>
      <textureName>brickwall</textureName>
      <depth>0.5</depth>
      <position>
        <X>2432</X>
        <Y>2176</Y>
      </position>
      <dimensions>
        <X>128</X>
        <Y>128</Y>
      </dimensions>
    </TileData>
    <TileData>
      <textureName>brickwall</textureName>
      <depth>0.5</depth>
      <position>
        <X>2560</X>
        <Y>2304</Y>
      </position>
      <dimensions>
        <X>128</X>
        <Y>128</Y>
      </dimensions>
    </TileData>
    <TileData>
      <textureName>brickwall</textureName>
      <depth>0.5</depth>
      <position>
        <X>2944</X>
        <Y>2048</Y>
      </position>
      <dimensions>
        <X>128</X>
        <Y>128</Y>
      </dimensions>
    </TileData>
    <TileData>
      <textureName>brickwall</textureName>
      <depth>0.5</depth>
      <position>
        <X>2816</X>
        <Y>2304</Y>
      </position>
      <dimensions>
        <X>128</X>
        <Y>128</Y>
      </dimensions>
    </TileData>
    <TileData>
      <textureName>brickwall</textureName>
      <depth>0.5</depth>
      <position>
        <X>3200</X>
        <Y>2176</Y>
      </position>
      <dimensions>
        <X>128</X>
        <Y>128</Y>
      </dimensions>
    </TileData>
    <TileData>
      <textureName>brickwall</textureName>
      <depth>0.5</depth>
      <position>
        <X>3200</X>
        <Y>2432</Y>
      </position>
      <dimensions>
        <X>128</X>
        <Y>128</Y>
      </dimensions>
    </TileData>
    <TileData>
      <textureName>brickwall</textureName>
      <depth>0.5</depth>
      <position>
        <X>3712</X>
        <Y>2304</Y>
      </position>
      <dimensions>
        <X>128</X>
        <Y>128</Y>
      </dimensions>
    </TileData>
    <TileData>
      <textureName>brickwall</textureName>
      <depth>0.5</depth>
      <position>
        <X>3712</X>
        <Y>2048</Y>
      </position>
      <dimensions>
        <X>128</X>
        <Y>128</Y>
      </dimensions>
    </TileData>
    <TileData>
      <textureName>brickwall</textureName>
      <depth>0.5</depth>
      <position>
        <X>3584</X>
        <Y>2048</Y>
      </position>
      <dimensions>
        <X>128</X>
        <Y>128</Y>
      </dimensions>
    </TileData>
    <TileData>
      <textureName>brickwall</textureName>
      <depth>0.5</depth>
      <position>
        <X>6400</X>
        <Y>2048</Y>
      </position>
      <dimensions>
        <X>128</X>
        <Y>128</Y>
      </dimensions>
    </TileData>
    <TileData>
      <textureName>brickwall</textureName>
      <depth>0.5</depth>
      <position>
        <X>6528</X>
        <Y>2048</Y>
      </position>
      <dimensions>
        <X>128</X>
        <Y>128</Y>
      </dimensions>
    </TileData>
    <TileData>
      <textureName>brickwall</textureName>
      <depth>0.5</depth>
      <position>
        <X>6144</X>
        <Y>2560</Y>
      </position>
      <dimensions>
        <X>2432</X>
        <Y>128</Y>
      </dimensions>
    </TileData>
    <TileData>
      <textureName>brickwall</textureName>
      <depth>0.5</depth>
      <position>
        <X>8448</X>
        <Y>3072</Y>
      </position>
      <dimensions>
        <X>128</X>
        <Y>128</Y>
      </dimensions>
    </TileData>
    <TileData>
      <textureName>brickwall</textureName>
      <depth>0.5</depth>
      <position>
        <X>7680</X>
        <Y>3072</Y>
      </position>
      <dimensions>
        <X>128</X>
        <Y>128</Y>
      </dimensions>
    </TileData>
    <TileData>
      <textureName>brickwall</textureName>
      <depth>0.5</depth>
      <position>
        <X>6912</X>
        <Y>3072</Y>
      </position>
      <dimensions>
        <X>128</X>
        <Y>128</Y>
      </dimensions>
    </TileData>
    <TileData>
      <textureName>brickwall</textureName>
      <depth>0.5</depth>
      <position>
        <X>6272</X>
        <Y>3072</Y>
      </position>
      <dimensions>
        <X>128</X>
        <Y>128</Y>
      </dimensions>
    </TileData>
    <TileData>
      <textureName>brickwall</textureName>
      <depth>0.5</depth>
      <position>
        <X>5888</X>
        <Y>2688</Y>
      </position>
      <dimensions>
        <X>256</X>
        <Y>128</Y>
      </dimensions>
    </TileData>
    <TileData>
      <textureName>brickwall</textureName>
      <depth>0.5</depth>
      <position>
        <X>5376</X>
        <Y>3072</Y>
      </position>
      <dimensions>
        <X>128</X>
        <Y>128</Y>
      </dimensions>
    </TileData>
    <TileData>
      <textureName>brickwall</textureName>
      <depth>0.5</depth>
      <position>
        <X>5888</X>
        <Y>3072</Y>
      </position>
      <dimensions>
        <X>128</X>
        <Y>128</Y>
      </dimensions>
    </TileData>
    <TileData>
      <textureName>brickwall</textureName>
      <depth>0.5</depth>
      <position>
        <X>4736</X>
        <Y>3072</Y>
      </position>
      <dimensions>
        <X>128</X>
        <Y>128</Y>
      </dimensions>
    </TileData>
    <TileData>
      <textureName>brickwall</textureName>
      <depth>0.5</depth>
      <position>
        <X>3968</X>
        <Y>3072</Y>
      </position>
      <dimensions>
        <X>128</X>
        <Y>128</Y>
      </dimensions>
    </TileData>
    <TileData>
      <textureName>brickwall</textureName>
      <depth>0.5</depth>
      <position>
        <X>3328</X>
        <Y>3072</Y>
      </position>
      <dimensions>
        <X>128</X>
        <Y>128</Y>
      </dimensions>
    </TileData>
    <TileData>
      <textureName>brickwall</textureName>
      <depth>0.5</depth>
      <position>
        <X>2560</X>
        <Y>3072</Y>
      </position>
      <dimensions>
        <X>128</X>
        <Y>128</Y>
      </dimensions>
    </TileData>
    <TileData>
      <textureName>brickwall</textureName>
      <depth>0.5</depth>
      <position>
        <X>1792</X>
        <Y>3072</Y>
      </position>
      <dimensions>
        <X>128</X>
        <Y>128</Y>
      </dimensions>
    </TileData>
    <TileData>
      <textureName>lavatop</textureName>
      <depth>0.5</depth>
      <position>
        <X>-7552</X>
        <Y>3200</Y>
      </position>
      <dimensions>
        <X>23168</X>
        <Y>128</Y>
      </dimensions>
    </TileData>
  </m_tiles>
  <m_triggers>
    <TriggerData>
      <lines>
        <string>goal</string>
      </lines>
      <rectangle>
        <X>1664</X>
        <Y>2816</Y>
        <Width>384</Width>
        <Height>384</Height>
        <Location>
          <X>1664</X>
          <Y>2816</Y>
        </Location>
      </rectangle>
    </TriggerData>
    <TriggerData>
      <lines>
        <string>death</string>
      </lines>
      <rectangle>
        <X>-7168</X>
        <Y>3328</Y>
        <Width>21504</Width>
        <Height>2944</Height>
        <Location>
          <X>-7168</X>
          <Y>3328</Y>
        </Location>
      </rectangle>
    </TriggerData>
  </m_triggers>
  <m_enemies>
    <EnemyData>
      <textureName />
      <position>
        <X>4220.30566</X>
        <Y>2333.0564</Y>
      </position>
    </EnemyData>
    <EnemyData>
      <textureName />
      <position>
        <X>3477.294</X>
        <Y>2340.48633</Y>
      </position>
    </EnemyData>
    <EnemyData>
      <textureName />
      <position>
        <X>3001.7666</X>
        <Y>2318.196</Y>
      </position>
    </EnemyData>
    <EnemyData>
      <textureName />
      <position>
        <X>1798.08789</X>
        <Y>2362.77686</Y>
      </position>
    </EnemyData>
    <EnemyData>
      <textureName />
      <position>
        <X>1188.81836</X>
        <Y>2273.61548</Y>
      </position>
    </EnemyData>
    <EnemyData>
      <textureName />
      <position>
        <X>1634.62537</X>
        <Y>1671.776</Y>
      </position>
    </EnemyData>
    <EnemyData>
      <textureName />
      <position>
        <X>3105.78833</X>
        <Y>1686.63623</Y>
      </position>
    </EnemyData>
    <EnemyData>
      <textureName />
      <position>
        <X>4316.897</X>
        <Y>1627.19531</Y>
      </position>
    </EnemyData>
    <EnemyData>
      <textureName />
      <position>
        <X>5862.361</X>
        <Y>1627.19531</Y>
      </position>
    </EnemyData>
    <EnemyData>
      <textureName />
      <position>
        <X>6471.63037</X>
        <Y>1686.63635</Y>
      </position>
    </EnemyData>
    <EnemyData>
      <textureName />
      <position>
        <X>8693.235</X>
        <Y>1656.91577</Y>
      </position>
    </EnemyData>
    <EnemyData>
      <textureName />
      <position>
        <X>8960.719</X>
        <Y>906.47406</Y>
      </position>
    </EnemyData>
    <EnemyData>
      <textureName />
      <position>
        <X>8381.17</X>
        <Y>913.9042</Y>
      </position>
    </EnemyData>
    <EnemyData>
      <textureName />
      <position>
        <X>7638.15869</X>
        <Y>921.3343</Y>
      </position>
    </EnemyData>
    <EnemyData>
      <textureName />
      <position>
        <X>6910.00732</X>
        <Y>921.3343</Y>
      </position>
    </EnemyData>
    <EnemyData>
      <textureName />
      <position>
        <X>6330.4585</X>
        <Y>913.9042</Y>
      </position>
    </EnemyData>
    <EnemyData>
      <textureName />
      <position>
        <X>5505.716</X>
        <Y>943.624634</Y>
      </position>
    </EnemyData>
    <EnemyData>
      <textureName />
      <position>
        <X>4703.263</X>
        <Y>943.624634</Y>
      </position>
    </EnemyData>
    <EnemyData>
      <textureName />
      <position>
        <X>3900.81055</X>
        <Y>943.624634</Y>
      </position>
    </EnemyData>
    <EnemyData>
      <textureName />
      <position>
        <X>3388.13281</X>
        <Y>913.904236</Y>
      </position>
    </EnemyData>
    <EnemyData>
      <textureName />
      <position>
        <X>2682.27173</X>
        <Y>1003.06561</Y>
      </position>
    </EnemyData>
    <EnemyData>
      <textureName />
      <position>
        <X>2095.29248</X>
        <Y>1003.06561</Y>
      </position>
    </EnemyData>
    <EnemyData>
      <textureName />
      <position>
        <X>1211.10889</X>
        <Y>973.345154</Y>
      </position>
    </EnemyData>
    <EnemyData>
      <textureName />
      <position>
        <X>520.108154</X>
        <Y>958.4849</Y>
      </position>
    </EnemyData>
    <EnemyData>
      <textureName />
      <position>
        <X>832.173</X>
        <Y>631.5599</Y>
      </position>
    </EnemyData>
    <EnemyData>
      <textureName />
      <position>
        <X>1523.17371</X>
        <Y>586.9791</Y>
      </position>
    </EnemyData>
    <EnemyData>
      <textureName />
      <position>
        <X>2489.08887</X>
        <Y>557.258667</Y>
      </position>
    </EnemyData>
    <EnemyData>
      <textureName />
      <position>
        <X>3729.918</X>
        <Y>579.5491</Y>
      </position>
    </EnemyData>
    <EnemyData>
      <textureName />
      <position>
        <X>4628.962</X>
        <Y>572.1189</Y>
      </position>
    </EnemyData>
    <EnemyData>
      <textureName />
      <position>
        <X>5267.952</X>
        <Y>579.5491</Y>
      </position>
    </EnemyData>
    <EnemyData>
      <textureName />
      <position>
        <X>6122.415</X>
        <Y>512.678</Y>
      </position>
    </EnemyData>
    <EnemyData>
      <textureName />
      <position>
        <X>7407.825</X>
        <Y>520.1081</Y>
      </position>
    </EnemyData>
    <EnemyData>
      <textureName />
      <position>
        <X>8366.311</X>
        <Y>520.1081</Y>
      </position>
    </EnemyData>
    <EnemyData>
      <textureName />
      <position>
        <X>8819.547</X>
        <Y>534.9683</Y>
      </position>
    </EnemyData>
    <EnemyData>
      <textureName />
      <position>
        <X>8708.096</X>
        <Y>7.430176</Y>
      </position>
    </EnemyData>
    <EnemyData>
      <textureName />
      <position>
        <X>7920.50342</X>
        <Y>-29.720459</Y>
      </position>
    </EnemyData>
    <EnemyData>
      <textureName />
      <position>
        <X>6850.567</X>
        <Y>-29.720459</Y>
      </position>
    </EnemyData>
    <EnemyData>
      <textureName />
      <position>
        <X>5929.23242</X>
        <Y>-29.720459</Y>
      </position>
    </EnemyData>
    <EnemyData>
      <textureName />
      <position>
        <X>4844.43555</X>
        <Y>-29.720459</Y>
      </position>
    </EnemyData>
    <EnemyData>
      <textureName />
      <position>
        <X>4376.338</X>
        <Y>29.720459</Y>
      </position>
    </EnemyData>
    <EnemyData>
      <textureName />
      <position>
        <X>3440.14355</X>
        <Y>7.430176</Y>
      </position>
    </EnemyData>
    <EnemyData>
      <textureName />
      <position>
        <X>2214.17432</X>
        <Y>22.2904053</Y>
      </position>
    </EnemyData>
    <EnemyData>
      <textureName />
      <position>
        <X>1337.42078</X>
        <Y>22.2904053</Y>
      </position>
    </EnemyData>
    <EnemyData>
      <textureName />
      <position>
        <X>557.258545</X>
        <Y>22.2904053</Y>
      </position>
    </EnemyData>
    <EnemyData>
      <textureName />
      <position>
        <X>743.0115</X>
        <Y>-594.409241</Y>
      </position>
    </EnemyData>
    <EnemyData>
      <textureName />
      <position>
        <X>1411.72192</X>
        <Y>-594.409241</Y>
      </position>
    </EnemyData>
    <EnemyData>
      <textureName />
      <position>
        <X>2481.65869</X>
        <Y>-542.398438</Y>
      </position>
    </EnemyData>
    <EnemyData>
      <textureName />
      <position>
        <X>3670.477</X>
        <Y>-497.817749</Y>
      </position>
    </EnemyData>
    <EnemyData>
      <textureName />
      <position>
        <X>4762.704</X>
        <Y>-453.237061</Y>
      </position>
    </EnemyData>
    <EnemyData>
      <textureName />
      <position>
        <X>6010.964</X>
        <Y>-453.237061</Y>
      </position>
    </EnemyData>
    <EnemyData>
      <textureName />
      <position>
        <X>6835.70654</X>
        <Y>-534.9683</Y>
      </position>
    </EnemyData>
    <EnemyData>
      <textureName />
      <position>
        <X>7742.18066</X>
        <Y>-512.678</Y>
      </position>
    </EnemyData>
    <EnemyData>
      <textureName />
      <position>
        <X>8864.128</X>
        <Y>-505.247864</Y>
      </position>
    </EnemyData>
    <EnemyData>
      <textureName />
      <position>
        <X>9235.634</X>
        <Y>-505.247864</Y>
      </position>
    </EnemyData>
    <EnemyData>
      <textureName />
      <position>
        <X>8975.58</X>
        <Y>-965.915039</Y>
      </position>
    </EnemyData>
    <EnemyData>
      <textureName />
      <position>
        <X>7838.77246</X>
        <Y>-973.3451</Y>
      </position>
    </EnemyData>
    <EnemyData>
      <textureName />
      <position>
        <X>6627.66357</X>
        <Y>-1003.06555</Y>
      </position>
    </EnemyData>
    <EnemyData>
      <textureName />
      <position>
        <X>5475.99561</X>
        <Y>-988.2053</Y>
      </position>
    </EnemyData>
    <EnemyData>
      <textureName />
      <position>
        <X>4227.73633</X>
        <Y>-988.2053</Y>
      </position>
    </EnemyData>
    <EnemyData>
      <textureName />
      <position>
        <X>3068.638</X>
        <Y>-988.2053</Y>
      </position>
    </EnemyData>
    <EnemyData>
      <textureName />
      <position>
        <X>2177.02368</X>
        <Y>-1025.356</Y>
      </position>
    </EnemyData>
    <EnemyData>
      <textureName />
      <position>
        <X>1344.85083</X>
        <Y>-1077.36682</Y>
      </position>
    </EnemyData>
    <EnemyData>
      <textureName />
      <position>
        <X>653.8501</X>
        <Y>-1121.94751</Y>
      </position>
    </EnemyData>
    <EnemyData>
      <textureName />
      <position>
        <X>928.7644</X>
        <Y>-1679.20618</Y>
      </position>
    </EnemyData>
    <EnemyData>
      <textureName />
      <position>
        <X>2310.766</X>
        <Y>-1694.06641</Y>
      </position>
    </EnemyData>
    <EnemyData>
      <textureName />
      <position>
        <X>3633.32666</X>
        <Y>-1686.63623</Y>
      </position>
    </EnemyData>
    <EnemyData>
      <textureName />
      <position>
        <X>4948.457</X>
        <Y>-1627.19531</Y>
      </position>
    </EnemyData>
    <EnemyData>
      <textureName />
      <position>
        <X>6033.254</X>
        <Y>-1597.47485</Y>
      </position>
    </EnemyData>
    <EnemyData>
      <textureName />
      <position>
        <X>7095.76025</X>
        <Y>-1604.905</Y>
      </position>
    </EnemyData>
    <EnemyData>
      <textureName />
      <position>
        <X>8039.385</X>
        <Y>-1567.75439</Y>
      </position>
    </EnemyData>
    <EnemyData>
      <textureName />
      <position>
        <X>8856.697</X>
        <Y>-1582.61475</Y>
      </position>
    </EnemyData>
    <EnemyData>
      <textureName />
      <position>
        <X>9569.988</X>
        <Y>-1552.89429</Y>
      </position>
    </EnemyData>
    <EnemyData>
      <textureName />
      <position>
        <X>9324.795</X>
        <Y>-2273.61523</Y>
      </position>
    </EnemyData>
    <EnemyData>
      <textureName />
      <position>
        <X>8158.2666</X>
        <Y>-2281.04541</Y>
      </position>
    </EnemyData>
    <EnemyData>
      <textureName />
      <position>
        <X>6872.857</X>
        <Y>-2295.90576</Y>
      </position>
    </EnemyData>
    <EnemyData>
      <textureName />
      <position>
        <X>5624.597</X>
        <Y>-2303.336</Y>
      </position>
    </EnemyData>
    <EnemyData>
      <textureName />
      <position>
        <X>4747.84375</X>
        <Y>-2303.336</Y>
      </position>
    </EnemyData>
    <EnemyData>
      <textureName />
      <position>
        <X>3811.64917</X>
        <Y>-2303.336</Y>
      </position>
    </EnemyData>
    <EnemyData>
      <textureName />
      <position>
        <X>3246.96069</X>
        <Y>-2147.30347</Y>
      </position>
    </EnemyData>
    <EnemyData>
      <textureName />
      <position>
        <X>2065.57227</X>
        <Y>-2214.17456</Y>
      </position>
    </EnemyData>
    <EnemyData>
      <textureName />
      <position>
        <X>1092.227</X>
        <Y>-2273.61548</Y>
      </position>
    </EnemyData>
    <EnemyData>
      <textureName />
      <position>
        <X>8941.0625</X>
        <Y>-2728.90967</Y>
      </position>
    </EnemyData>
    <EnemyData>
      <textureName />
      <position>
        <X>7609.88672</X>
        <Y>-2795.46851</Y>
      </position>
    </EnemyData>
    <EnemyData>
      <textureName />
      <position>
        <X>6323.0835</X>
        <Y>-2795.46851</Y>
      </position>
    </EnemyData>
    <EnemyData>
      <textureName />
      <position>
        <X>4991.908</X>
        <Y>-2795.46851</Y>
      </position>
    </EnemyData>
    <EnemyData>
      <textureName />
      <position>
        <X>3483.24243</X>
        <Y>-2795.46851</Y>
      </position>
    </EnemyData>
    <EnemyData>
      <textureName />
      <position>
        <X>1996.76318</X>
        <Y>-2884.21338</Y>
      </position>
    </EnemyData>
    <EnemyData>
      <textureName />
      <position>
        <X>1353.36182</X>
        <Y>-3350.125</Y>
      </position>
    </EnemyData>
    <EnemyData>
      <textureName />
      <position>
        <X>2751.096</X>
        <Y>-3882.59521</Y>
      </position>
    </EnemyData>
    <EnemyData>
      <textureName />
      <position>
        <X>3971.34</X>
        <Y>-3571.98755</Y>
      </position>
    </EnemyData>
    <EnemyData>
      <textureName />
      <position>
        <X>5746.24072</X>
        <Y>-3461.05615</Y>
      </position>
    </EnemyData>
    <EnemyData>
      <textureName />
      <position>
        <X>7698.63135</X>
        <Y>-3239.1936</Y>
      </position>
    </EnemyData>
    <EnemyData>
      <textureName />
      <position>
        <X>8541.709</X>
        <Y>-3416.68359</Y>
      </position>
    </EnemyData>
    <EnemyData>
      <textureName />
      <position>
        <X>8563.89551</X>
        <Y>-3993.52637</Y>
      </position>
    </EnemyData>
    <EnemyData>
      <textureName />
      <position>
        <X>7720.81738</X>
        <Y>-4392.879</Y>
      </position>
    </EnemyData>
    <EnemyData>
      <textureName />
      <position>
        <X>6012.47559</X>
        <Y>-4304.134</Y>
      </position>
    </EnemyData>
    <EnemyData>
      <textureName />
      <position>
        <X>3816.03638</X>
        <Y>-4348.507</Y>
      </position>
    </EnemyData>
    <EnemyData>
      <textureName />
      <position>
        <X>1863.64575</X>
        <Y>-4548.18262</Y>
      </position>
    </EnemyData>
    <EnemyData>
      <textureName />
      <position>
        <X>1308.98926</X>
        <Y>-4925.349</Y>
      </position>
    </EnemyData>
    <EnemyData>
      <textureName />
      <position>
        <X>2484.86084</X>
        <Y>-5413.447</Y>
      </position>
    </EnemyData>
    <EnemyData>
      <textureName />
      <position>
        <X>4437.25146</X>
        <Y>-5324.702</Y>
      </position>
    </EnemyData>
    <EnemyData>
      <textureName />
      <position>
        <X>6966.485</X>
        <Y>-5235.957</Y>
      </position>
    </EnemyData>
    <EnemyData>
      <textureName />
      <position>
        <X>8364.219</X>
        <Y>-5280.329</Y>
      </position>
    </EnemyData>
    <EnemyData>
      <textureName />
      <position>
        <X>9074.18</X>
        <Y>-5812.8</Y>
      </position>
    </EnemyData>
    <EnemyData>
      <textureName />
      <position>
        <X>8253.288</X>
        <Y>-6323.0835</Y>
      </position>
    </EnemyData>
    <EnemyData>
      <textureName />
      <position>
        <X>6655.877</X>
        <Y>-6234.33838</Y>
      </position>
    </EnemyData>
    <EnemyData>
      <textureName />
      <position>
        <X>5280.329</X>
        <Y>-6167.7793</Y>
      </position>
    </EnemyData>
    <EnemyData>
      <textureName />
      <position>
        <X>3327.93872</X>
        <Y>-6034.662</Y>
      </position>
    </EnemyData>
    <EnemyData>
      <textureName />
      <position>
        <X>2085.5083</X>
        <Y>-6389.642</Y>
      </position>
    </EnemyData>
    <EnemyData>
      <textureName />
      <position>
        <X>1641.7832</X>
        <Y>-6788.99463</Y>
      </position>
    </EnemyData>
    <EnemyData>
      <textureName />
      <position>
        <X>3083.89</X>
        <Y>-7254.90625</Y>
      </position>
    </EnemyData>
    <EnemyData>
      <textureName />
      <position>
        <X>4747.85938</X>
        <Y>-6988.67139</Y>
      </position>
    </EnemyData>
    <EnemyData>
      <textureName />
      <position>
        <X>6611.505</X>
        <Y>-6922.1123</Y>
      </position>
    </EnemyData>
    <EnemyData>
      <textureName />
      <position>
        <X>8142.35645</X>
        <Y>-6922.1123</Y>
      </position>
    </EnemyData>
    <EnemyData>
      <textureName />
      <position>
        <X>8541.709</X>
        <Y>-7210.53369</Y>
      </position>
    </EnemyData>
    <EnemyData>
      <textureName />
      <position>
        <X>8763.572</X>
        <Y>-7521.141</Y>
      </position>
    </EnemyData>
    <EnemyData>
      <textureName />
      <position>
        <X>8120.17041</X>
        <Y>-7676.44531</Y>
      </position>
    </EnemyData>
    <EnemyData>
      <textureName />
      <position>
        <X>6522.76</X>
        <Y>-7720.818</Y>
      </position>
    </EnemyData>
    <EnemyData>
      <textureName />
      <position>
        <X>5014.094</X>
        <Y>-7720.818</Y>
      </position>
    </EnemyData>
    <EnemyData>
      <textureName />
      <position>
        <X>3594.17383</X>
        <Y>-7720.818</Y>
      </position>
    </EnemyData>
    <EnemyData>
      <textureName />
      <position>
        <X>2218.626</X>
        <Y>-7720.818</Y>
      </position>
    </EnemyData>
    <EnemyData>
      <textureName />
      <position>
        <X>1686.15552</X>
        <Y>-8475.15</Y>
      </position>
    </EnemyData>
    <EnemyData>
      <textureName />
      <position>
        <X>2307.37061</X>
        <Y>-8386.405</Y>
      </position>
    </EnemyData>
    <EnemyData>
      <textureName />
      <position>
        <X>4348.50635</X>
        <Y>-8319.847</Y>
      </position>
    </EnemyData>
    <EnemyData>
      <textureName />
      <position>
        <X>5679.68164</X>
        <Y>-8275.475</Y>
      </position>
    </EnemyData>
    <EnemyData>
      <textureName />
      <position>
        <X>7831.749</X>
        <Y>-8253.288</Y>
      </position>
    </EnemyData>
    <EnemyData>
      <textureName />
      <position>
        <X>9007.621</X>
        <Y>-8630.454</Y>
      </position>
    </EnemyData>
    <EnemyData>
      <textureName />
      <position>
        <X>8674.826</X>
        <Y>-9362.601</Y>
      </position>
    </EnemyData>
    <EnemyData>
      <textureName />
      <position>
        <X>7077.416</X>
        <Y>-9673.208</Y>
      </position>
    </EnemyData>
    <EnemyData>
      <textureName />
      <position>
        <X>5125.02539</X>
        <Y>-9517.904</Y>
      </position>
    </EnemyData>
    <EnemyData>
      <textureName />
      <position>
        <X>3194.821</X>
        <Y>-9628.836</Y>
      </position>
    </EnemyData>
    <EnemyData>
      <textureName />
      <position>
        <X>2041.13562</X>
        <Y>-10028.1885</Y>
      </position>
    </EnemyData>
    <EnemyData>
      <textureName />
      <position>
        <X>3372.311</X>
        <Y>-10605.0313</Y>
      </position>
    </EnemyData>
    <EnemyData>
      <textureName />
      <position>
        <X>4880.97656</X>
        <Y>-10582.8447</Y>
      </position>
    </EnemyData>
    <EnemyData>
      <textureName />
      <position>
        <X>7077.416</X>
        <Y>-10405.3555</Y>
      </position>
    </EnemyData>
    <EnemyData>
      <textureName />
      <position>
        <X>8364.219</X>
        <Y>-10560.6582</Y>
      </position>
    </EnemyData>
    <EnemyData>
      <textureName />
      <position>
        <X>8874.503</X>
        <Y>-10937.8252</Y>
      </position>
    </EnemyData>
    <EnemyData>
      <textureName />
      <position>
        <X>7654.259</X>
        <Y>-11425.9229</Y>
      </position>
    </EnemyData>
    <EnemyData>
      <textureName />
      <position>
        <X>5746.24072</X>
        <Y>-11248.4326</Y>
      </position>
    </EnemyData>
    <EnemyData>
      <textureName />
      <position>
        <X>3394.49731</X>
        <Y>-11204.0605</Y>
      </position>
    </EnemyData>
    <EnemyData>
      <textureName />
      <position>
        <X>2196.43945</X>
        <Y>-11492.4814</Y>
      </position>
    </EnemyData>
    <EnemyData>
      <textureName />
      <position>
        <X>2950.77222</X>
        <Y>-12091.51</Y>
      </position>
    </EnemyData>
    <EnemyData>
      <textureName />
      <position>
        <X>4747.859</X>
        <Y>-12224.6279</Y>
      </position>
    </EnemyData>
    <EnemyData>
      <textureName />
      <position>
        <X>6811.18066</X>
        <Y>-12113.6973</Y>
      </position>
    </EnemyData>
    <EnemyData>
      <textureName />
      <position>
        <X>8541.709</X>
        <Y>-11980.5791</Y>
      </position>
    </EnemyData>
    <EnemyData>
      <textureName />
      <position>
        <X>9251.669</X>
        <Y>-12934.5879</Y>
      </position>
    </EnemyData>
    <EnemyData>
      <textureName />
      <position>
        <X>7299.27832</X>
        <Y>-13178.6367</Y>
      </position>
    </EnemyData>
    <EnemyData>
      <textureName />
      <position>
        <X>5635.30957</X>
        <Y>-13156.4512</Y>
      </position>
    </EnemyData>
    <EnemyData>
      <textureName />
      <position>
        <X>3682.9187</X>
        <Y>-13089.8926</Y>
      </position>
    </EnemyData>
    <EnemyData>
      <textureName />
      <position>
        <X>2706.72314</X>
        <Y>-13333.9414</Y>
      </position>
    </EnemyData>
    <EnemyData>
      <textureName />
      <position>
        <X>3394.49731</X>
        <Y>-14043.9</Y>
      </position>
    </EnemyData>
    <EnemyData>
      <textureName />
      <position>
        <X>4858.79</X>
        <Y>-14088.2734</Y>
      </position>
    </EnemyData>
    <EnemyData>
      <textureName />
      <position>
        <X>7166.161</X>
        <Y>-13777.666</Y>
      </position>
    </EnemyData>
    <EnemyData>
      <textureName />
      <position>
        <X>8652.641</X>
        <Y>-13799.8516</Y>
      </position>
    </EnemyData>
    <EnemyData>
      <textureName />
      <position>
        <X>9695.395</X>
        <Y>-14043.9</Y>
      </position>
    </EnemyData>
    <EnemyData>
      <textureName />
      <position>
        <X>9096.365</X>
        <Y>-14642.93</Y>
      </position>
    </EnemyData>
    <EnemyData>
      <textureName />
      <position>
        <X>7099.60254</X>
        <Y>-14975.7246</Y>
      </position>
    </EnemyData>
    <EnemyData>
      <textureName />
      <position>
        <X>5369.074</X>
        <Y>-14953.5371</Y>
      </position>
    </EnemyData>
    <EnemyData>
      <textureName />
      <position>
        <X>3705.105</X>
        <Y>-14953.5371</Y>
      </position>
    </EnemyData>
    <EnemyData>
      <textureName />
      <position>
        <X>2351.74316</X>
        <Y>-14642.93</Y>
      </position>
    </EnemyData>
    <EnemyData>
      <textureName />
      <position>
        <X>2396.11572</X>
        <Y>-15707.87</Y>
      </position>
    </EnemyData>
    <EnemyData>
      <textureName />
      <position>
        <X>3838.22241</X>
        <Y>-15885.36</Y>
      </position>
    </EnemyData>
    <EnemyData>
      <textureName />
      <position>
        <X>5857.172</X>
        <Y>-15707.87</Y>
      </position>
    </EnemyData>
    <EnemyData>
      <textureName />
      <position>
        <X>8297.66</X>
        <Y>-15685.6836</Y>
      </position>
    </EnemyData>
    <EnemyData>
      <textureName />
      <position>
        <X>9162.924</X>
        <Y>-15774.4287</Y>
      </position>
    </EnemyData>
    <EnemyData>
      <textureName />
      <position>
        <X>9406.973</X>
        <Y>-16440.0156</Y>
      </position>
    </EnemyData>
    <EnemyData>
      <textureName />
      <position>
        <X>7809.5625</X>
        <Y>-16794.9961</Y>
      </position>
    </EnemyData>
    <EnemyData>
      <textureName />
      <position>
        <X>5768.427</X>
        <Y>-16684.0664</Y>
      </position>
    </EnemyData>
    <EnemyData>
      <textureName />
      <position>
        <X>3971.34</X>
        <Y>-16617.5078</Y>
      </position>
    </EnemyData>
    <EnemyData>
      <textureName />
      <position>
        <X>2373.92969</X>
        <Y>-16639.6934</Y>
      </position>
    </EnemyData>
    <EnemyData>
      <textureName />
      <position>
        <X>2373.92944</X>
        <Y>-18103.9863</Y>
      </position>
    </EnemyData>
    <EnemyData>
      <textureName />
      <position>
        <X>3993.52612</X>
        <Y>-18237.1035</Y>
      </position>
    </EnemyData>
    <EnemyData>
      <textureName />
      <position>
        <X>5857.172</X>
        <Y>-18214.918</Y>
      </position>
    </EnemyData>
    <EnemyData>
      <textureName />
      <position>
        <X>8009.239</X>
        <Y>-18170.5449</Y>
      </position>
    </EnemyData>
    <EnemyData>
      <textureName />
      <position>
        <X>9273.855</X>
        <Y>-18392.4082</Y>
      </position>
    </EnemyData>
    <EnemyData>
      <textureName />
      <position>
        <X>9162.924</X>
        <Y>-18991.4375</Y>
      </position>
    </EnemyData>
    <EnemyData>
      <textureName />
      <position>
        <X>6522.76</X>
        <Y>-19302.043</Y>
      </position>
    </EnemyData>
    <EnemyData>
      <textureName />
      <position>
        <X>4437.25146</X>
        <Y>-19102.3672</Y>
      </position>
    </EnemyData>
    <EnemyData>
      <textureName />
      <position>
        <X>2573.60571</X>
        <Y>-19080.1816</Y>
      </position>
    </EnemyData>
    <EnemyData>
      <textureName />
      <position>
        <X>1885.83179</X>
        <Y>-19435.1621</Y>
      </position>
    </EnemyData>
    <EnemyData>
      <textureName />
      <position>
        <X>3261.38</X>
        <Y>-19901.0723</Y>
      </position>
    </EnemyData>
    <EnemyData>
      <textureName />
      <position>
        <X>4991.90771</X>
        <Y>-19901.0723</Y>
      </position>
    </EnemyData>
    <EnemyData>
      <textureName />
      <position>
        <X>7343.65137</X>
        <Y>-19878.8867</Y>
      </position>
    </EnemyData>
    <EnemyData>
      <textureName />
      <position>
        <X>8918.875</X>
        <Y>-19812.3281</Y>
      </position>
    </EnemyData>
    <EnemyData>
      <textureName />
      <position>
        <X>9074.18</X>
        <Y>-20988.2</Y>
      </position>
    </EnemyData>
    <EnemyData>
      <textureName />
      <position>
        <X>7188.34766</X>
        <Y>-21121.3164</Y>
      </position>
    </EnemyData>
    <EnemyData>
      <textureName />
      <position>
        <X>4592.55566</X>
        <Y>-21099.13</Y>
      </position>
    </EnemyData>
    <EnemyData>
      <textureName />
      <position>
        <X>2262.99854</X>
        <Y>-21298.8066</Y>
      </position>
    </EnemyData>
    <EnemyData>
      <textureName />
      <position>
        <X>2551.41968</X>
        <Y>-22186.2578</Y>
      </position>
    </EnemyData>
    <EnemyData>
      <textureName />
      <position>
        <X>4304.13428</X>
        <Y>-22385.9336</Y>
      </position>
    </EnemyData>
    <EnemyData>
      <textureName />
      <position>
        <X>7077.416</X>
        <Y>-22363.7461</Y>
      </position>
    </EnemyData>
    <EnemyData>
      <textureName />
      <position>
        <X>8807.944</X>
        <Y>-22275.002</Y>
      </position>
    </EnemyData>
    <EnemyData>
      <textureName />
      <position>
        <X>9540.091</X>
        <Y>-22496.8652</Y>
      </position>
    </EnemyData>
    <EnemyData>
      <textureName />
      <position>
        <X>8674.827</X>
        <Y>-22918.4023</Y>
      </position>
    </EnemyData>
    <EnemyData>
      <textureName />
      <position>
        <X>6811.181</X>
        <Y>-22918.4023</Y>
      </position>
    </EnemyData>
    <EnemyData>
      <textureName />
      <position>
        <X>4991.908</X>
        <Y>-22918.4023</Y>
      </position>
    </EnemyData>
    <EnemyData>
      <textureName />
      <position>
        <X>3793.85</X>
        <Y>-22896.2168</Y>
      </position>
    </EnemyData>
    <EnemyData>
      <textureName />
      <position>
        <X>5945.917</X>
        <Y>-21498.4824</Y>
      </position>
    </EnemyData>
    <EnemyData>
      <textureName />
      <position>
        <X>5968.10352</X>
        <Y>-20744.15</Y>
      </position>
    </EnemyData>
    <EnemyData>
      <textureName />
      <position>
        <X>3727.2915</X>
        <Y>-21387.55</Y>
      </position>
    </EnemyData>
    <EnemyData>
      <textureName />
      <position>
        <X>8142.35645</X>
        <Y>-21454.1113</Y>
      </position>
    </EnemyData>
    <EnemyData>
      <textureName />
      <position>
        <X>2950.77246</X>
        <Y>-23473.06</Y>
      </position>
    </EnemyData>
    <EnemyData>
      <textureName />
      <position>
        <X>3571.98755</X>
        <Y>-23938.9727</Y>
      </position>
    </EnemyData>
    <EnemyData>
      <textureName />
      <position>
        <X>5546.56445</X>
        <Y>-23850.2266</Y>
      </position>
    </EnemyData>
    <EnemyData>
      <textureName />
      <position>
        <X>7365.838</X>
        <Y>-23761.4824</Y>
      </position>
    </EnemyData>
    <EnemyData>
      <textureName />
      <position>
        <X>8830.131</X>
        <Y>-23850.2266</Y>
      </position>
    </EnemyData>
    <EnemyData>
      <textureName />
      <position>
        <X>8652.641</X>
        <Y>-24782.0488</Y>
      </position>
    </EnemyData>
    <EnemyData>
      <textureName />
      <position>
        <X>6456.201</X>
        <Y>-25048.2852</Y>
      </position>
    </EnemyData>
    <EnemyData>
      <textureName />
      <position>
        <X>3682.919</X>
        <Y>-25003.9121</Y>
      </position>
    </EnemyData>
    <EnemyData>
      <textureName />
      <position>
        <X>3483.24268</X>
        <Y>-25913.5488</Y>
      </position>
    </EnemyData>
    <EnemyData>
      <textureName />
      <position>
        <X>6411.82861</X>
        <Y>-26246.3418</Y>
      </position>
    </EnemyData>
    <EnemyData>
      <textureName />
      <position>
        <X>5546.56445</X>
        <Y>4903.163</Y>
      </position>
    </EnemyData>
  </m_enemies>
</LevelData>