<?xml version="1.0" encoding="utf-8"?>
<LevelData xmlns:xsi="http://www.w3.org/2001/XMLSchema-instance" xmlns:xsd="http://www.w3.org/2001/XMLSchema">
  <m_clips>
    <Rectangle>
      <X>-896</X>
      <Y>256</Y>
      <Width>2176</Width>
      <Height>128</Height>
      <Location>
        <X>-896</X>
        <Y>256</Y>
      </Location>
    </Rectangle>
    <Rectangle>
      <X>1280</X>
      <Y>256</Y>
      <Width>128</Width>
      <Height>7552</Height>
      <Location>
        <X>1280</X>
        <Y>256</Y>
      </Location>
    </Rectangle>
    <Rectangle>
      <X>1920</X>
      <Y>256</Y>
      <Width>128</Width>
      <Height>7552</Height>
      <Location>
        <X>1920</X>
        <Y>256</Y>
      </Location>
    </Rectangle>
    <Rectangle>
      <X>1664</X>
      <Y>1024</Y>
      <Width>256</Width>
      <Height>256</Height>
      <Location>
        <X>1664</X>
        <Y>1024</Y>
      </Location>
    </Rectangle>
    <Rectangle>
      <X>1406</X>
      <Y>2048</Y>
      <Width>256</Width>
      <Height>256</Height>
      <Location>
        <X>1406</X>
        <Y>2048</Y>
      </Location>
    </Rectangle>
    <Rectangle>
      <X>1664</X>
      <Y>3200</Y>
      <Width>256</Width>
      <Height>256</Height>
      <Location>
        <X>1664</X>
        <Y>3200</Y>
      </Location>
    </Rectangle>
    <Rectangle>
      <X>1409</X>
      <Y>4224</Y>
      <Width>256</Width>
      <Height>256</Height>
      <Location>
        <X>1409</X>
        <Y>4224</Y>
      </Location>
    </Rectangle>
    <Rectangle>
      <X>1664</X>
      <Y>5248</Y>
      <Width>256</Width>
      <Height>256</Height>
      <Location>
        <X>1664</X>
        <Y>5248</Y>
      </Location>
    </Rectangle>
    <Rectangle>
      <X>1406</X>
      <Y>6272</Y>
      <Width>256</Width>
      <Height>256</Height>
      <Location>
        <X>1406</X>
        <Y>6272</Y>
      </Location>
    </Rectangle>
    <Rectangle>
      <X>1664</X>
      <Y>7552</Y>
      <Width>256</Width>
      <Height>256</Height>
      <Location>
        <X>1664</X>
        <Y>7552</Y>
      </Location>
    </Rectangle>
    <Rectangle>
      <X>1024</X>
      <Y>8064</Y>
      <Width>1408</Width>
      <Height>128</Height>
      <Location>
        <X>1024</X>
        <Y>8064</Y>
      </Location>
    </Rectangle>
    <Rectangle>
      <X>384</X>
      <Y>8064</Y>
      <Width>128</Width>
      <Height>128</Height>
      <Location>
        <X>384</X>
        <Y>8064</Y>
      </Location>
    </Rectangle>
    <Rectangle>
      <X>-254</X>
      <Y>8064</Y>
      <Width>128</Width>
      <Height>128</Height>
      <Location>
        <X>-254</X>
        <Y>8064</Y>
      </Location>
    </Rectangle>
    <Rectangle>
      <X>-895</X>
      <Y>8064</Y>
      <Width>128</Width>
      <Height>128</Height>
      <Location>
        <X>-895</X>
        <Y>8064</Y>
      </Location>
    </Rectangle>
    <Rectangle>
      <X>-1664</X>
      <Y>8064</Y>
      <Width>256</Width>
      <Height>128</Height>
      <Location>
        <X>-1664</X>
        <Y>8064</Y>
      </Location>
    </Rectangle>
    <Rectangle>
      <X>2432</X>
      <Y>8064</Y>
      <Width>1408</Width>
      <Height>128</Height>
      <Location>
        <X>2432</X>
        <Y>8064</Y>
      </Location>
    </Rectangle>
    <Rectangle>
      <X>3840</X>
      <Y>7563</Y>
      <Width>128</Width>
      <Height>640</Height>
      <Location>
        <X>3840</X>
        <Y>7563</Y>
      </Location>
    </Rectangle>
    <Rectangle>
      <X>2050</X>
      <Y>7680</Y>
      <Width>1536</Width>
      <Height>128</Height>
      <Location>
        <X>2050</X>
        <Y>7680</Y>
      </Location>
    </Rectangle>
    <Rectangle>
      <X>2816</X>
      <Y>7424</Y>
      <Width>128</Width>
      <Height>128</Height>
      <Location>
        <X>2816</X>
        <Y>7424</Y>
      </Location>
    </Rectangle>
    <Rectangle>
      <X>3840</X>
      <Y>7128</Y>
      <Width>128</Width>
      <Height>512</Height>
      <Location>
        <X>3840</X>
        <Y>7128</Y>
      </Location>
    </Rectangle>
    <Rectangle>
      <X>2303</X>
      <Y>7040</Y>
      <Width>1536</Width>
      <Height>128</Height>
      <Location>
        <X>2303</X>
        <Y>7040</Y>
      </Location>
    </Rectangle>
    <Rectangle>
      <X>2816</X>
      <Y>6912</Y>
      <Width>128</Width>
      <Height>128</Height>
      <Location>
        <X>2816</X>
        <Y>6912</Y>
      </Location>
    </Rectangle>
    <Rectangle>
      <X>2048</X>
      <Y>6528</Y>
      <Width>1536</Width>
      <Height>128</Height>
      <Location>
        <X>2048</X>
        <Y>6528</Y>
      </Location>
    </Rectangle>
    <Rectangle>
      <X>3840</X>
      <Y>6143</Y>
      <Width>128</Width>
      <Height>896</Height>
      <Location>
        <X>3840</X>
        <Y>6143</Y>
      </Location>
    </Rectangle>
    <Rectangle>
      <X>2176</X>
      <Y>6144</Y>
      <Width>1664</Width>
      <Height>128</Height>
      <Location>
        <X>2176</X>
        <Y>6144</Y>
      </Location>
    </Rectangle>
    <Rectangle>
      <X>4224</X>
      <Y>6144</Y>
      <Width>128</Width>
      <Height>128</Height>
      <Location>
        <X>4224</X>
        <Y>6144</Y>
      </Location>
    </Rectangle>
    <Rectangle>
      <X>4608</X>
      <Y>6272</Y>
      <Width>128</Width>
      <Height>128</Height>
      <Location>
        <X>4608</X>
        <Y>6272</Y>
      </Location>
    </Rectangle>
    <Rectangle>
      <X>4224</X>
      <Y>6656</Y>
      <Width>128</Width>
      <Height>128</Height>
      <Location>
        <X>4224</X>
        <Y>6656</Y>
      </Location>
    </Rectangle>
    <Rectangle>
      <X>4480</X>
      <Y>6656</Y>
      <Width>128</Width>
      <Height>128</Height>
      <Location>
        <X>4480</X>
        <Y>6656</Y>
      </Location>
    </Rectangle>
    <Rectangle>
      <X>4352</X>
      <Y>7040</Y>
      <Width>128</Width>
      <Height>128</Height>
      <Location>
        <X>4352</X>
        <Y>7040</Y>
      </Location>
    </Rectangle>
    <Rectangle>
      <X>4736</X>
      <Y>7040</Y>
      <Width>128</Width>
      <Height>128</Height>
      <Location>
        <X>4736</X>
        <Y>7040</Y>
      </Location>
    </Rectangle>
    <Rectangle>
      <X>4096</X>
      <Y>7040</Y>
      <Width>128</Width>
      <Height>128</Height>
      <Location>
        <X>4096</X>
        <Y>7040</Y>
      </Location>
    </Rectangle>
    <Rectangle>
      <X>4608</X>
      <Y>7424</Y>
      <Width>128</Width>
      <Height>128</Height>
      <Location>
        <X>4608</X>
        <Y>7424</Y>
      </Location>
    </Rectangle>
    <Rectangle>
      <X>4224</X>
      <Y>7680</Y>
      <Width>128</Width>
      <Height>128</Height>
      <Location>
        <X>4224</X>
        <Y>7680</Y>
      </Location>
    </Rectangle>
    <Rectangle>
      <X>4736</X>
      <Y>7936</Y>
      <Width>128</Width>
      <Height>128</Height>
      <Location>
        <X>4736</X>
        <Y>7936</Y>
      </Location>
    </Rectangle>
    <Rectangle>
      <X>4352</X>
      <Y>8064</Y>
      <Width>128</Width>
      <Height>128</Height>
      <Location>
        <X>4352</X>
        <Y>8064</Y>
      </Location>
    </Rectangle>
    <Rectangle>
      <X>4992</X>
      <Y>6144</Y>
      <Width>128</Width>
      <Height>2048</Height>
      <Location>
        <X>4992</X>
        <Y>6144</Y>
      </Location>
    </Rectangle>
  </m_clips>
  <m_tiles>
    <TileData>
      <textureName>lavatop</textureName>
      <depth>0.5</depth>
      <position>
        <X>-8192</X>
        <Y>9600</Y>
      </position>
      <dimensions>
        <X>76928</X>
        <Y>128</Y>
      </dimensions>
    </TileData>
    <TileData>
      <textureName>brickwall</textureName>
      <depth>0.5</depth>
      <position>
        <X>-896</X>
        <Y>256</Y>
      </position>
      <dimensions>
        <X>2176</X>
        <Y>128</Y>
      </dimensions>
    </TileData>
    <TileData>
      <textureName>brickwall</textureName>
      <depth>0.5</depth>
      <position>
        <X>1280</X>
        <Y>256</Y>
      </position>
      <dimensions>
        <X>128</X>
        <Y>7552</Y>
      </dimensions>
    </TileData>
    <TileData>
      <textureName>brickwall</textureName>
      <depth>0.5</depth>
      <position>
        <X>1920</X>
        <Y>256</Y>
      </position>
      <dimensions>
        <X>128</X>
        <Y>7552</Y>
      </dimensions>
    </TileData>
    <TileData>
      <textureName>brickwall</textureName>
      <depth>0.5</depth>
      <position>
        <X>1664</X>
        <Y>1024</Y>
      </position>
      <dimensions>
        <X>256</X>
        <Y>256</Y>
      </dimensions>
    </TileData>
    <TileData>
      <textureName>brickwall</textureName>
      <depth>0.5</depth>
      <position>
        <X>1408</X>
        <Y>2048</Y>
      </position>
      <dimensions>
        <X>256</X>
        <Y>256</Y>
      </dimensions>
    </TileData>
    <TileData>
      <textureName>brickwall</textureName>
      <depth>0.5</depth>
      <position>
        <X>1664</X>
        <Y>3200</Y>
      </position>
      <dimensions>
        <X>256</X>
        <Y>256</Y>
      </dimensions>
    </TileData>
    <TileData>
      <textureName>brickwall</textureName>
      <depth>0.5</depth>
      <position>
        <X>1408</X>
        <Y>4224</Y>
      </position>
      <dimensions>
        <X>256</X>
        <Y>256</Y>
      </dimensions>
    </TileData>
    <TileData>
      <textureName>brickwall</textureName>
      <depth>0.5</depth>
      <position>
        <X>1664</X>
        <Y>5248</Y>
      </position>
      <dimensions>
        <X>256</X>
        <Y>256</Y>
      </dimensions>
    </TileData>
    <TileData>
      <textureName>brickwall</textureName>
      <depth>0.5</depth>
      <position>
        <X>1408</X>
        <Y>6272</Y>
      </position>
      <dimensions>
        <X>256</X>
        <Y>256</Y>
      </dimensions>
    </TileData>
    <TileData>
      <textureName>brickwall</textureName>
      <depth>0.5</depth>
      <position>
        <X>1664</X>
        <Y>7552</Y>
      </position>
      <dimensions>
        <X>256</X>
        <Y>256</Y>
      </dimensions>
    </TileData>
    <TileData>
      <textureName>brickwall</textureName>
      <depth>0.5</depth>
      <position>
        <X>1024</X>
        <Y>8064</Y>
      </position>
      <dimensions>
        <X>2816</X>
        <Y>128</Y>
      </dimensions>
    </TileData>
    <TileData>
      <textureName>brickwall</textureName>
      <depth>0.5</depth>
      <position>
        <X>384</X>
        <Y>8064</Y>
      </position>
      <dimensions>
        <X>128</X>
        <Y>128</Y>
      </dimensions>
    </TileData>
    <TileData>
      <textureName>brickwall</textureName>
      <depth>0.5</depth>
      <position>
        <X>-256</X>
        <Y>8064</Y>
      </position>
      <dimensions>
        <X>128</X>
        <Y>128</Y>
      </dimensions>
    </TileData>
    <TileData>
      <textureName>brickwall</textureName>
      <depth>0.5</depth>
      <position>
        <X>-896</X>
        <Y>8064</Y>
      </position>
      <dimensions>
        <X>128</X>
        <Y>128</Y>
      </dimensions>
    </TileData>
    <TileData>
      <textureName>brickwall</textureName>
      <depth>0.5</depth>
      <position>
        <X>-1664</X>
        <Y>8064</Y>
      </position>
      <dimensions>
        <X>256</X>
        <Y>128</Y>
      </dimensions>
    </TileData>
    <TileData>
      <textureName>brickwall</textureName>
      <depth>0.5</depth>
      <position>
        <X>2048</X>
        <Y>7680</Y>
      </position>
      <dimensions>
        <X>1536</X>
        <Y>128</Y>
      </dimensions>
    </TileData>
    <TileData>
      <textureName>brickwall</textureName>
      <depth>0.5</depth>
      <position>
        <X>2816</X>
        <Y>7424</Y>
      </position>
      <dimensions>
        <X>128</X>
        <Y>128</Y>
      </dimensions>
    </TileData>
    <TileData>
      <textureName>brickwall</textureName>
      <depth>0.5</depth>
      <position>
        <X>4352</X>
        <Y>8064</Y>
      </position>
      <dimensions>
        <X>128</X>
        <Y>128</Y>
      </dimensions>
    </TileData>
    <TileData>
      <textureName>brickwall</textureName>
      <depth>0.5</depth>
      <position>
        <X>4224</X>
        <Y>7680</Y>
      </position>
      <dimensions>
        <X>128</X>
        <Y>128</Y>
      </dimensions>
    </TileData>
    <TileData>
      <textureName>brickwall</textureName>
      <depth>0.5</depth>
      <position>
        <X>4736</X>
        <Y>7936</Y>
      </position>
      <dimensions>
        <X>128</X>
        <Y>128</Y>
      </dimensions>
    </TileData>
    <TileData>
      <textureName>brickwall</textureName>
      <depth>0.5</depth>
      <position>
        <X>4608</X>
        <Y>7424</Y>
      </position>
      <dimensions>
        <X>128</X>
        <Y>128</Y>
      </dimensions>
    </TileData>
    <TileData>
      <textureName>brickwall</textureName>
      <depth>0.5</depth>
      <position>
        <X>4096</X>
        <Y>7040</Y>
      </position>
      <dimensions>
        <X>128</X>
        <Y>128</Y>
      </dimensions>
    </TileData>
    <TileData>
      <textureName>brickwall</textureName>
      <depth>0.5</depth>
      <position>
        <X>4352</X>
        <Y>7040</Y>
      </position>
      <dimensions>
        <X>128</X>
        <Y>128</Y>
      </dimensions>
    </TileData>
    <TileData>
      <textureName>brickwall</textureName>
      <depth>0.5</depth>
      <position>
        <X>4736</X>
        <Y>7040</Y>
      </position>
      <dimensions>
        <X>128</X>
        <Y>128</Y>
      </dimensions>
    </TileData>
    <TileData>
      <textureName>brickwall</textureName>
      <depth>0.5</depth>
      <position>
        <X>4224</X>
        <Y>6656</Y>
      </position>
      <dimensions>
        <X>128</X>
        <Y>128</Y>
      </dimensions>
    </TileData>
    <TileData>
      <textureName>brickwall</textureName>
      <depth>0.5</depth>
      <position>
        <X>4480</X>
        <Y>6656</Y>
      </position>
      <dimensions>
        <X>128</X>
        <Y>128</Y>
      </dimensions>
    </TileData>
    <TileData>
      <textureName>brickwall</textureName>
      <depth>0.5</depth>
      <position>
        <X>4608</X>
        <Y>6272</Y>
      </position>
      <dimensions>
        <X>128</X>
        <Y>128</Y>
      </dimensions>
    </TileData>
    <TileData>
      <textureName>brickwall</textureName>
      <depth>0.5</depth>
      <position>
        <X>4224</X>
        <Y>6144</Y>
      </position>
      <dimensions>
        <X>128</X>
        <Y>128</Y>
      </dimensions>
    </TileData>
    <TileData>
      <textureName>brickwall</textureName>
      <depth>0.5</depth>
      <position>
        <X>2176</X>
        <Y>6144</Y>
      </position>
      <dimensions>
        <X>1664</X>
        <Y>128</Y>
      </dimensions>
    </TileData>
    <TileData>
      <textureName>brickwall</textureName>
      <depth>0.5</depth>
      <position>
        <X>3840</X>
        <Y>6144</Y>
      </position>
      <dimensions>
        <X>128</X>
        <Y>2048</Y>
      </dimensions>
    </TileData>
    <TileData>
      <textureName>brickwall</textureName>
      <depth>0.5</depth>
      <position>
        <X>4992</X>
        <Y>6144</Y>
      </position>
      <dimensions>
        <X>128</X>
        <Y>2048</Y>
      </dimensions>
    </TileData>
    <TileData>
      <textureName>brickwall</textureName>
      <depth>0.5</depth>
      <position>
        <X>2048</X>
        <Y>6528</Y>
      </position>
      <dimensions>
        <X>1536</X>
        <Y>128</Y>
      </dimensions>
    </TileData>
    <TileData>
      <textureName>brickwall</textureName>
      <depth>0.5</depth>
      <position>
        <X>2304</X>
        <Y>7040</Y>
      </position>
      <dimensions>
        <X>1536</X>
        <Y>128</Y>
      </dimensions>
    </TileData>
    <TileData>
      <textureName>brickwall</textureName>
      <depth>0.5</depth>
      <position>
        <X>2816</X>
        <Y>6912</Y>
      </position>
      <dimensions>
        <X>128</X>
        <Y>128</Y>
      </dimensions>
    </TileData>
  </m_tiles>
  <m_triggers>
    <TriggerData>
      <lines>
        <string />
      </lines>
      <rectangle>
        <X>-1818</X>
        <Y>7680</Y>
        <Width>128</Width>
        <Height>256</Height>
        <Location>
          <X>-1818</X>
          <Y>7680</Y>
        </Location>
      </rectangle>
    </TriggerData>
    <TriggerData>
      <lines>
        <string>goal</string>
      </lines>
      <rectangle>
        <X>3840</X>
        <Y>8192</Y>
        <Width>1280</Width>
        <Height>384</Height>
        <Location>
          <X>3840</X>
          <Y>8192</Y>
        </Location>
      </rectangle>
    </TriggerData>
    <TriggerData>
      <lines>
        <string />
      </lines>
      <rectangle>
        <X>-16000</X>
        <Y>9728</Y>
        <Width>77312</Width>
        <Height>1024</Height>
        <Location>
          <X>-16000</X>
          <Y>9728</Y>
        </Location>
      </rectangle>
    </TriggerData>
    <TriggerData>
      <lines>
        <string>money</string>
      </lines>
      <rectangle>
        <X>2048</X>
        <Y>5248</Y>
        <Width>128</Width>
        <Height>128</Height>
        <Location>
          <X>2048</X>
          <Y>5248</Y>
        </Location>
      </rectangle>
    </TriggerData>
  </m_triggers>
  <m_enemies>
    <EnemyData>
      <textureName />
      <position>
        <X>2057.873</X>
        <Y>7906.19238</Y>
      </position>
    </EnemyData>
    <EnemyData>
      <textureName />
      <position>
        <X>1357.77185</X>
        <Y>7916.8</Y>
      </position>
    </EnemyData>
    <EnemyData>
      <textureName />
      <position>
        <X>1714.894</X>
        <Y>7315.703</Y>
      </position>
    </EnemyData>
    <EnemyData>
      <textureName />
      <position>
        <X>1531.02917</X>
        <Y>6010.96875</Y>
      </position>
    </EnemyData>
    <EnemyData>
      <textureName />
      <position>
        <X>1725.50171</X>
        <Y>4999.712</Y>
      </position>
    </EnemyData>
    <EnemyData>
      <textureName />
      <position>
        <X>1506.2782</X>
        <Y>4006.134</Y>
      </position>
    </EnemyData>
    <EnemyData>
      <textureName />
      <position>
        <X>1757.32446</X>
        <Y>2973.66187</Y>
      </position>
    </EnemyData>
    <EnemyData>
      <textureName />
      <position>
        <X>1499.20642</X>
        <Y>1789.14722</Y>
      </position>
    </EnemyData>
    <EnemyData>
      <textureName />
      <position>
        <X>1764.39624</X>
        <Y>774.354248</Y>
      </position>
    </EnemyData>
    <EnemyData>
      <textureName />
      <position>
        <X>3175.206</X>
        <Y>7326.31055</Y>
      </position>
    </EnemyData>
    <EnemyData>
      <textureName />
      <position>
        <X>2418.53125</X>
        <Y>7336.918</Y>
      </position>
    </EnemyData>
    <EnemyData>
      <textureName />
      <position>
        <X>2485.71265</X>
        <Y>6813.61035</Y>
      </position>
    </EnemyData>
    <EnemyData>
      <textureName />
      <position>
        <X>3337.856</X>
        <Y>6813.61035</Y>
      </position>
    </EnemyData>
    <EnemyData>
      <textureName />
      <position>
        <X>1105.61438</X>
        <Y>-80.0115662</Y>
      </position>
    </EnemyData>
    <EnemyData>
      <textureName />
      <position>
        <X>494.616943</X>
        <Y>-76.37467</Y>
      </position>
    </EnemyData>
    <EnemyData>
      <textureName />
      <position>
        <X>-141.838684</X>
        <Y>-83.64845</Y>
      </position>
    </EnemyData>
  </m_enemies>
</LevelData>